<?xml version="1.0" encoding="UTF-8"?>

<beans xmlns="http://www.springframework.org/schema/beans"
	xmlns:xsi="http://www.w3.org/2001/XMLSchema-instance" 
	xmlns:c="http://www.springframework.org/schema/c"
	xmlns:p="http://www.springframework.org/schema/p"
    xmlns:context="http://www.springframework.org/schema/context"
	xsi:schemaLocation="http://www.springframework.org/schema/beans
                http://www.springframework.org/schema/beans/spring-beans.xsd
                http://www.springframework.org/schema/context
                http://www.springframework.org/schema/context/spring-context.xsd">
	

		<bean id="numberGuess" class="com.bage.xml.NumberGuess">
		    <property name="randomNumber" value="#{ T(java.lang.Math).random() * 100.0 }"/>
		    <!-- other properties -->
		</bean>
	
		<bean id="taxCalculator" class="com.bage.xml.TaxCalculator">
		    <property name="defaultLocale" value="#{ systemProperties['user.region'] }"/>
		    <!-- other properties -->
		</bean>
		
		<bean id="shapeGuess" class="com.bage.xml.ShapeGuess">
        <property name="initialShapeSeed" value="#{ numberGuess.randomNumber }"/>

        <!-- other properties -->
</bean>

</beans>