<?xml version="1.0" encoding="UTF-8"?>

<!-- <beans default-lazy-init="true"> 全体类进行懒加载 -->
<!-- <beans default-init-method="init"> 全体类默认初始化方法等，也可以进行别的方法，比如destroy -->
<beans xmlns="http://www.springframework.org/schema/beans"
	xmlns:xsi="http://www.w3.org/2001/XMLSchema-instance" 
	xmlns:c="http://www.springframework.org/schema/c"
	xmlns:p="http://www.springframework.org/schema/p"
    xmlns:context="http://www.springframework.org/schema/context"
	xsi:schemaLocation="http://www.springframework.org/schema/beans
                http://www.springframework.org/schema/beans/spring-beans.xsd
                http://www.springframework.org/schema/context
                http://www.springframework.org/schema/context/spring-context.xsd">

	<!-- 最基本的Bean对象 , 如果不指定id，默认为 packagename#0-->
	<bean id="template" class="com.bage.Template">
		<!-- collaborators and configuration for this bean go here -->
	</bean>

	<!-- 引入xml文件 -->
	<import resource="to-import.xml" />

	<!-- 静态bean，需要指定 factory-method -->
	<bean id="clientService" class="com.bage.xml.instance.ClientService"
		factory-method="createInstance" />

	<!-- 内部bean，非静态内部类，其默认构造函数有一个参数，是其外部类的实例， $ 来分隔内部类 -->
	<bean id="innerClass" class="com.bage.xml.Innerclass.OuterClass$InnerClass" />

	<!-- 依赖bean -->
	<bean id="foo" class="com.bage.xml.dependency.Foo">
		<constructor-arg ref="bar" />
		<constructor-arg ref="baz" />
	</bean>
	<bean id="bar" class="com.bage.xml.dependency.Bar" />
	<bean id="baz" class="com.bage.xml.dependency.Baz" />

	<!-- 参数bean -->
	<bean id="exampleBean1" class="com.bage.xml.argument.ExampleBean">
		<constructor-arg type="int" value="7500000" />
		<constructor-arg type="java.lang.String" value="42" />
	</bean>
	<bean id="exampleBean2" class="com.bage.xml.argument.ExampleBean">
		<constructor-arg index="0" value="7500000" />
		<constructor-arg index="1" value="42" />
	</bean>
	<bean id="exampleBean3" class="com.bage.xml.argument.ExampleBean">
		<constructor-arg name="years" value="7500000" />
		<constructor-arg name="ultimateAnswer" value="42" />
	</bean>

	<!-- 循环依赖 -->
	<!-- <bean id="circularBar2" class="com.bage.xml.circulardependencies.Bar2"> 
		<constructor-arg ref="circularBaz2" /> </bean> <bean id="circularBaz2" class="com.bage.xml.circulardependencies.Baz2"> 
		<constructor-arg ref="circularBar2" /> </bean> -->
	<bean id="circularBar" class="com.bage.xml.circulardependencies.Bar">
		<!-- setter injection using the nested ref element -->
		<property name="baz">
			<ref bean="circularBaz" />
		</property>
	</bean>
	<bean id="circularBaz" class="com.bage.xml.circulardependencies.Baz">
		<!-- setter injection using the neater ref attribute -->
		<property name="bar" ref="circularBar"></property>
	</bean>

	<!-- 设置各种值 -->
	<bean id="refBean" class="com.bage.xml.value.RefBean">
	</bean>
	<bean id="valueInit" class="com.bage.xml.value.ValueInit">
		<!-- setter injection using the neater ref attribute -->
		<property name="id" value="123" />
		<property name="url" value="jdbc:mysql://localhost:3306/mydb" />
		<property name="canNull">
			<null></null>
		</property>
		<property name="properties">
			<props>
				<prop key="administrator">administrator@example.org</prop>
				<prop key="support">support@example.org</prop>
				<prop key="development">development@example.org</prop>
			</props>
		</property>
		<!-- results in a setSomeList(java.util.List) call -->
		<property name="list">
			<list>
				<value>a list element followed by a reference</value>
				<ref bean="refBean" />
			</list>
		</property>
		<!-- results in a setSomeMap(java.util.Map) call，value-ref 不是参照常量 -->
		<property name="map">
			<map>
				<entry key="an entry" value="just some string" />
				<entry key="a ref" value-ref="refBean" />
			</map>
		</property>
		<!-- results in a setSomeSet(java.util.Set) call -->
		<property name="set">
			<set>
				<value>just some string</value>
				<ref bean="refBean" />
			</set>
		</property>
	</bean>

	<!-- 快捷配置，需要增加命名空间 -->
	<bean name="shortcutExampleBean" class="com.bage.xml.shortcut.ShortcutExampleBean"
		c:shortcutBar-ref="shortcutBar" c:shortcutBaz-ref="shortcutBaz"
		c:shortcutFoo-ref="shortcutFoo" c:name="name-value" p:email="foo@bar.com" />
	<bean id="shortcutBar" class="com.bage.xml.shortcut.Bar" />
	<bean id="shortcutBaz" class="com.bage.xml.shortcut.Baz" />
	<bean id="shortcutFoo" class="com.bage.xml.shortcut.Foo" />

	<!-- 依赖配置 static initializer -->
	<bean id="managerBean" class="com.bage.xml.dependson.ManagerBean"
		depends-on="baseBean,baseBean2">
		<property name="baseBean" ref="baseBean" />
	</bean>
	<bean id="baseBean" class="com.bage.xml.dependson.BaseBean" />
	<bean id="baseBean2" class="com.bage.xml.dependson.BaseBean2" />

	<!-- 懒加载 -->
	<bean id="lazyinitBaseBean" class="com.bage.xml.lazyinit.BaseBean"
		lazy-init="true">
	</bean>

	<!-- Autowiring collaborators -->
	<import resource="to-import-autowiring-collaborators.xml" />

	<!-- Bean scopes -->
	<!-- singleton -->
	<bean id="accountService" class="com.bage.xml.scopes.singleton.DefaultAccountService" />
	<!-- the following is equivalent, though redundant (singleton scope is the 
		default) -->
	<!-- <bean id="accountService" class="com.bage.xml.scopes.DefaultAccountService" 
		scope="singleton"/> -->
	<!-- prototype -->
	<bean id="prototypeAccountService" class="com.bage.xml.scopes.prototype.DefaultAccountService"
		scope="prototype" />
	<!-- request,session,application 需要在web.xml中添加配置,需要更换不同的获取上下文的方式 -->
	<!-- request 需要在web.xml中添加配置 -->
	<bean id="loginAction" class="com.bage.xml.scopes.request.LoginAction"
		scope="request" />
	<!-- session 需要在web.xml中添加配置 -->
	<bean id="userPreferences" class="com.bage.xml.scopes.session.UserPreferences"
		scope="session" />
	<!-- application -->
	<bean id="appPreferences" class="com.bage.xml.scopes.application.AppPreferences"
		scope="application" />

	<!-- Lifecycle callbacks init-method="init" 可以统一定义比如： <beans default-init-method="init"> -->
	<bean id="anotherExampleBean" class="com.bage.xml.lifecyclecallbacks.AnotherExampleBean"
		init-method="init" destroy-method="cleanup" />

	<!-- Bean definition inheritance -->
	<bean id="inheritedTestBean" class="com.bage.xml.inheritedbean.InheritedTestBean">
		<property name="name" value="parent" />
		<property name="age" value="1" />
	</bean>
	<bean id="inheritsWithDifferentClass" class="com.bage.xml.inheritedbean.InheritsWithDifferentClass"
		parent="inheritedTestBean">
		<property name="name" value="override" />
		<!-- the age property value of 1 will be inherited from parent -->
	</bean>

	<!-- Customizing beans using a BeanPostProcessor -->
	<bean
		class="com.bage.xml.containerextensionpoints.InstantiationTracingBeanPostProcessor">
	</bean>

	<!-- Customizing configuration metadata with a BeanFactoryPostProcessor -->
	<bean class="org.springframework.beans.factory.config.PropertyPlaceholderConfigurer">
		<property name="locations" value="classpath:com/bage/xml/containerextensionpoints/jdbc.properties" />
	</bean>
	<bean id="myDataSource"	class="com.bage.xml.containerextensionpoints.MyDataSource">
		<property name="driverClassName" value="${jdbc.driverClassName}" />
		<property name="url" value="${jdbc.url}" />
		<property name="username" value="${jdbc.username}" />
		<property name="password" value="${jdbc.password}" />
	</bean>

	<!-- Annotation-based container configuration -->
	<context:annotation-config/>

	<!-- more bean definitions go here -->

</beans>