<?xml version="1.0" encoding="UTF-8"?>
<beans xmlns="http://www.springframework.org/schema/beans"
	xmlns:xsi="http://www.w3.org/2001/XMLSchema-instance" 
	xmlns:c="http://www.springframework.org/schema/c"
	xmlns:p="http://www.springframework.org/schema/p"
    xmlns:context="http://www.springframework.org/schema/context"
	xsi:schemaLocation="http://www.springframework.org/schema/beans
                http://www.springframework.org/schema/beans/spring-beans.xsd
                http://www.springframework.org/schema/context
                http://www.springframework.org/schema/context/spring-context.xsd">

	<bean id="xmlBeanForImport" class="com.bage.domain.XMLBeanForImport"></bean>

	<bean class="org.springframework.beans.factory.config.PropertyPlaceholderConfigurer">
		<property name="locations" value="classpath:com/bage/config/jdbc.properties" />
	</bean>
	
	<bean id="hsqldbDataSource"	class="com.bage.domain.HsqldbDataSource">
		<property name="driverClassName" value="${jdbc.driverClassName}" />
		<property name="url" value="${jdbc.url}" />
		<property name="username" value="${jdbc.username}" />
		<property name="password" value="${jdbc.password}" />
	</bean>
	
</beans>