<?xml version="1.0" encoding="UTF-8"?>
<beans xmlns="http://www.springframework.org/schema/beans"
        xmlns:xsi="http://www.w3.org/2001/XMLSchema-instance"
        xmlns:aop="http://www.springframework.org/schema/aop" xsi:schemaLocation="
                http://www.springframework.org/schema/beans http://www.springframework.org/schema/beans/spring-beans.xsd
                http://www.springframework.org/schema/aop http://www.springframework.org/schema/aop/spring-aop.xsd"> <!-- bean definitions here -->

	<bean id="myAspect" class="com.bage.aspect.NotVeryUsefulAspect">
        <!-- configure properties of aspect here as normal -->
	</bean>

	<!-- Schema-based AOP support -->
	<!-- 参考链接：
	https://docs.spring.io/spring/docs/5.0.0.RC3/spring-framework-reference/appendix.html#xsd-configuration
	https://docs.spring.io/spring/docs/5.0.0.RC3/spring-framework-reference/appendix.html#xsd-config-body-schemas-aop
	
	 -->
	<!-- 5.3.1. Declaring an aspect
	<aop:config>
	        <aop:aspect id="myAspect" ref="aBean">
	                ...
	        </aop:aspect>
	</aop:config>
	
	<bean id="aBean" class="...">
	        ...
	</bean> 
	-->
	
	<!-- 5.3.2. Declaring a pointcut
	<aop:config>

        <aop:pointcut id="businessService"
                expression="execution(* com.xyz.myapp.service.*.*(..))"/>
		<aop:before pointcut-ref="businessService" method="monitor"/>
                ...
	</aop:config> 
	-->
	
	
	<!-- 5.3.3. Declaring advice
	<aop:aspect id="beforeExample" ref="aBean">

        <aop:before
                pointcut-ref="dataAccessOperation"
                method="doAccessCheck"/>
		<aop:after-throwing
                pointcut-ref="dataAccessOperation"
                throwing="dataAccessEx"
                method="doRecoveryActions"/>

        ...
        ...

	</aop:aspect> 
	-->
	
	<!-- 5.3.4. Introductions
	<aop:aspect id="usageTrackerAspect" ref="usageTracking">

        <aop:declare-parents
                types-matching="com.xzy.myapp.service.*+"
                implement-interface="com.xyz.myapp.service.tracking.UsageTracked"
                default-impl="com.xyz.myapp.service.tracking.DefaultUsageTracked"/>

        <aop:before
                pointcut="com.xyz.myapp.SystemArchitecture.businessService()
                        and this(usageTracked)"
                        method="recordUsage"/>

	</aop:aspect> 
	-->
	
	
</beans>