<?xml version="1.0" encoding="UTF-8"?>

<beans xmlns="http://www.springframework.org/schema/beans"
	xmlns:xsi="http://www.w3.org/2001/XMLSchema-instance" xmlns:c="http://www.springframework.org/schema/c"
	xmlns:p="http://www.springframework.org/schema/p" xmlns:context="http://www.springframework.org/schema/context"
	xsi:schemaLocation="http://www.springframework.org/schema/beans
                http://www.springframework.org/schema/beans/spring-beans.xsd
                http://www.springframework.org/schema/context
                http://www.springframework.org/schema/context/spring-context.xsd">

	<!-- 最基本的Bean对象 -->
	<bean id="template" class="com.bage.Template">
		<!-- collaborators and configuration for this bean go here -->
	</bean>

	<!-- Annotation-based container configuration -->
	<!-- <context:annotation-config /> -->
	<!-- 一般使用的是 1.10.3. Automatically detecting classes and registering bean 
		definitions 来代替上面的配置 -->
	<context:component-scan base-package="com.bage.annotation" />
	<!-- base-package 可以 == com.a,com.b -->
	
	<!-- @Required -->
	<bean id = "movieFinder" class="com.bage.annotation.required.MovieFinder">
	</bean>
	<bean id = "simpleMovieLister" class="com.bage.annotation.required.SimpleMovieLister">
		<property name="movieFinder" ref="movieFinder" ></property>
	</bean>
	<!-- constructors -->
	<bean id = "movieRecommenderCon" class="com.bage.annotation.autowired.constructors.MovieRecommender">
	</bean>
	<bean class="com.bage.annotation.autowired.CustomerPreferenceDao">
	</bean>
	<!-- setter -->
	<bean id = "simpleMovieListerSetter" class="com.bage.annotation.autowired.setter.SimpleMovieLister">
	</bean>
	<!-- multiplearguments -->
	<bean id = "movieRecommenderMulArgs" class="com.bage.annotation.autowired.multiplearguments.MovieRecommender">
	</bean>
	
	<!-- primary -->
	<bean class="com.bage.annotation.primary.xml.MovieCatalogFirst">
	</bean>
	<bean class="com.bage.annotation.primary.xml.MovieCatalogSecond" primary="true">
	</bean>
	
	<!-- qualifiers -->
	<!-- basic -->
	<bean class="com.bage.annotation.qualifiers.xml.MovieCatalogSun3">
		<qualifier value="movieCatalogSun3"></qualifier>
	</bean>
	<bean class="com.bage.annotation.qualifiers.xml.MovieCatalogSun4">
		<qualifier value="movieCatalogSun4"></qualifier>
	</bean>
	<!-- custom -->
	<bean class="com.bage.annotation.qualifiers.custom.MovieCatalogSun1">
		<qualifier type="com.bage.annotation.qualifiers.custom.GenreQualifier" value="Comedy"></qualifier>
	</bean>
	<bean class="com.bage.annotation.qualifiers.custom.MovieCatalogSun2">
		<qualifier type="GenreQualifier" value="Comedy2"></qualifier>
	</bean>
	<bean class="com.bage.annotation.qualifiers.custom.MovieCatalogSun3">
		<qualifier type="NoValueQualifier"></qualifier>
	</bean>
	<bean class="com.bage.annotation.qualifiers.custom.MovieCatalogSun4">
		<qualifier type="AttributesQualifier">
                        <attribute key="format" value="VHS"/>
                        <attribute key="genre" value="Action"/>
         </qualifier>
	</bean>
	
	<!-- CustomAutowireConfigurer -->
	<bean id="customAutowireConfigurer"
                class="org.springframework.beans.factory.annotation.CustomAutowireConfigurer">
        <property name="customQualifierTypes">
                <set>
                        <value>com.bage.annotation.qualifiers.customautowireconfigurer.CustomQualifier</value>
                </set>
        </property>
	</bean>
	
</beans>