<?xml version="1.0" encoding="UTF-8"?>

<beans xmlns="http://www.springframework.org/schema/beans"
	xmlns:xsi="http://www.w3.org/2001/XMLSchema-instance" 
	xmlns:c="http://www.springframework.org/schema/c"
	xmlns:p="http://www.springframework.org/schema/p"
    xmlns:context="http://www.springframework.org/schema/context"
	xsi:schemaLocation="http://www.springframework.org/schema/beans
                http://www.springframework.org/schema/beans/spring-beans.xsd
                http://www.springframework.org/schema/context
                http://www.springframework.org/schema/context/spring-context.xsd">
        
       <context:property-placeholder location="classpath:com/bage/javaconfig/messageSource/format.properties"/>
        
        
        <bean id="messageSource"
                        class="org.springframework.context.support.ResourceBundleMessageSource">
                <property name="basenames">
                        <list>
                                <value>message</value>
                                <value>exceptions</value>
                                <value>windows</value>
                                
                                <!-- classpath路径下，不能带有classpath，否则会找不到 -->
                                <value>com/bage/javaconfig/messageSource/format</value>
                        </list>
                </property>
        </bean>

</beans>